age,gender_female,gender_male,income_high,income_low,income_medium
0.0,0.0,1.0,0.0,1.0,0.0
0.10000000000000009,1.0,0.0,0.0,1.0,0.0
0.8333333333333334,1.0,0.0,0.0,0.0,1.0
1.0,0.0,1.0,1.0,0.0,0.0
0.29999999999999993,1.0,0.0,1.0,0.0,0.0
0.5666666666666668,0.0,1.0,0.0,0.0,1.0
0.6333333333333334,0.0,1.0,1.0,0.0,0.0
0.43333333333333346,0.0,1.0,0.0,1.0,0.0
