name,age,salary,experience,Female,Male
John,0.05555555555555558,0.5333333333333334,0.125,False,True
Emily,0.2222222222222221,0.30000000000000004,0.375,True,False
Ben,0.6111111111111112,0.5999999999999999,0.625,False,True
Anna,0.9999999999999998,1.0,1.0,True,False
David,0.33333333333333326,0.0,0.25,False,True
Emma,0.0,0.5333333333333334,0.0,True,False
Liam,0.2777777777777777,0.5,0.5,False,True
Olivia,0.7222222222222221,0.7999999999999998,0.875,True,False
